"Habitat.Type","Region","Population","Collector","Collection.Date","Latitude","Longitude","Elevation.m","MAT","MWMT","MCMT","TD","MAP","MSP","AHM","SHM","DD_0","DD5","DD_18","DD18","NFFD","bFFP","eFFP","FFP","PAS","EMT","EXT","Eref","CMD","MAR","RH","Tmax01","Tmax02","Tmax03","Tmax04","Tmax05","Tmax06","Tmax07","Tmax08","Tmax09","Tmax10","Tmax11","Tmax12","Tmin01","Tmin02","Tmin03","Tmin04","Tmin05","Tmin06","Tmin07","Tmin08","Tmin09","Tmin10","Tmin11","Tmin12","Tave01","Tave02","Tave03","Tave04","Tave05","Tave06","Tave07","Tave08","Tave09","Tave10","Tave11","Tave12","PPT01","PPT02","PPT03","PPT04","PPT05","PPT06","PPT07","PPT08","PPT09","PPT10","PPT11","PPT12","Rad01","Rad02","Rad03","Rad04","Rad05","Rad06","Rad07","Rad08","Rad09","Rad10","Rad11","Rad12","DD_0_01","DD_0_02","DD_0_03","DD_0_04","DD_0_05","DD_0_06","DD_0_07","DD_0_08","DD_0_09","DD_0_10","DD_0_11","DD_0_12","DD5_01","DD5_02","DD5_03","DD5_04","DD5_05","DD5_06","DD5_07","DD5_08","DD5_09","DD5_10","DD5_11","DD5_12","DD_18_01","DD_18_02","DD_18_03","DD_18_04","DD_18_05","DD_18_06","DD_18_07","DD_18_08","DD_18_09","DD_18_10","DD_18_11","DD_18_12","DD18_01","DD18_02","DD18_03","DD18_04","DD18_05","DD18_06","DD18_07","DD18_08","DD18_09","DD18_10","DD18_11","DD18_12","NFFD01","NFFD02","NFFD03","NFFD04","NFFD05","NFFD06","NFFD07","NFFD08","NFFD09","NFFD10","NFFD11","NFFD12","PAS01","PAS02","PAS03","PAS04","PAS05","PAS06","PAS07","PAS08","PAS09","PAS10","PAS11","PAS12","Eref01","Eref02","Eref03","Eref04","Eref05","Eref06","Eref07","Eref08","Eref09","Eref10","Eref11","Eref12","CMD01","CMD02","CMD03","CMD04","CMD05","CMD06","CMD07","CMD08","CMD09","CMD10","CMD11","CMD12","RH01","RH02","RH03","RH04","RH05","RH06","RH07","RH08","RH09","RH10","RH11","RH12","Tmax_wt","Tmax_sp","Tmax_sm","Tmax_at","Tmin_wt","Tmin_sp","Tmin_sm","Tmin_at","Tave_wt","Tave_sp","Tave_sm","Tave_at","PPT_wt","PPT_sp","PPT_sm","PPT_at","Rad_wt","Rad_sp","Rad_sm","Rad_at","DD_0_wt","DD_0_sp","DD_0_sm","DD_0_at","DD5_wt","DD5_sp","DD5_sm","DD5_at","DD_18_wt","DD_18_sp","DD_18_sm","DD_18_at","DD18_wt","DD18_sp","DD18_sm","DD18_at","NFFD_wt","NFFD_sp","NFFD_sm","NFFD_at","PAS_wt","PAS_sp","PAS_sm","PAS_at","Eref_wt","Eref_sp","Eref_sm","Eref_at","CMD_wt","CMD_sp","CMD_sm","CMD_at","RH_wt","RH_sp","RH_sm","RH_at"
"Prairie","Prairie","AB-HSC","Chad_Stratilo","6/21/2015",49.636389,-110.33,721,4,17.1,-9,26.2,382,240,36.6,71.3,1013,1463,5136,289,155,148,249,100,90,-41.5,37.1,668,374,11.6,53,-0.2,1.2,9.7,12,17.5,25.4,26.1,26.1,19.4,14.3,2.2,-1.4,-11.5,-10.5,-4,-3.5,1.1,7.3,8.4,7.6,3.5,0.3,-8.4,-10.4,-5.8,-4.7,2.9,4.3,9.3,16.3,17.2,16.8,11.4,7.3,-3.1,-5.9,32,12,14,20,44,22,78,18,50,32,22,21,-9999,-9999,-9999,-9999,-9999,-9999,-9999,-9999,-9999,-9999,-9999,-9999,201,153,31,14,1,0,0,0,0,4,128,201,3,5,41,47,142,340,380,368,198,98,6,3,740,630,471,413,270,74,49,62,198,333,632,738,0,0,0,1,3,24,26,25,5,1,0,0,1,1,5,5,18,29,31,30,24,16,1,1,24,10,3,4,2,0,0,0,2,1,14,17,0,0,44,67,106,147,148,128,72,40,0,0,0,0,30,47,63,125,70,110,22,7,0,0,54,54,53,49,50,48,49,47,52,56,58,61,0.1,13.1,25.9,12,-10.6,-2.1,7.8,-1.5,-5.3,5.5,16.8,5.2,64,78,118,104,-9999,-9999,-9999,-9999,555,45,0,133,12,230,1087,302,2108,1154,185,1162,0,4,75,6,2,28,90,41,49,8,0,16,0,217,423,112,0,140,305,29,57,51,48,55
"Prairie","Prairie","AB-LL","Mary_Vetter","7/1/2015",49.543611,-114.247222,929,4.2,15.6,-8.3,23.9,498,271,28.5,57.7,855,1334,5043,36,159,149,251,102,141,-40,34.9,626,283,13.4,55,0,4.5,9.3,12,16.8,23.5,24.4,24.4,17.7,15.1,3,-0.3,-11.3,-8.4,-3.6,-3.1,2.5,7.8,8,6.7,2.8,1.1,-7.7,-9.7,-5.6,-1.9,2.8,4.5,9.7,15.6,16.2,15.6,10.2,8.1,-2.3,-5,45,21,42,26,29,30,28,24,50,26,29,30,-9999,-9999,-9999,-9999,-9999,-9999,-9999,-9999,-9999,-9999,-9999,-9999,196,93,31,13,0,0,0,0,1,3,110,176,4,10,41,50,152,318,347,329,164,116,8,4,734,554,472,406,259,90,72,89,233,308,610,710,0,0,0,1,4,18,15,14,3,2,0,0,1,1,6,6,22,29,31,30,22,18,2,1,33,12,8,5,1,0,0,0,2,0,17,23,0,0,42,67,101,134,139,121,67,41,0,0,0,0,1,41,72,104,110,96,17,15,0,0,55,52,55,50,55,54,52,49,54,56,59,60,1.7,12.7,24.1,11.9,-9.6,-1.4,7.5,-1.2,-4,5.7,15.8,5.3,91,97,83,105,-9999,-9999,-9999,-9999,464,44,0,114,18,243,994,288,1998,1137,251,1151,0,5,47,5,3,34,90,42,62,14,0,19,0,210,393,108,0,114,310,32,56,54,51,56
"Prairie","Prairie","AB-RL","Chad_Stratilo","6/21/2015",49.665278,-110.1075,721,4.6,18.7,-10.1,28.8,348,216,41.8,86.2,1060,1689,4987,118,159,144,250,105,83,-42.2,38.5,707,445,12.8,51,-1.3,1.2,10.4,13.7,19.3,27,27.4,27.4,20.7,15.9,3.1,-1.6,-12.5,-11.1,-4.9,-3.1,1.8,8.7,10.1,9.1,4,0.5,-9,-11.3,-6.9,-4.9,2.7,5.3,10.6,17.9,18.8,18.3,12.3,8.2,-3,-6.4,37,11,12,17,40,19,78,17,42,29,17,21,-9999,-9999,-9999,-9999,-9999,-9999,-9999,-9999,-9999,-9999,-9999,-9999,228,160,32,10,0,0,0,0,0,3,126,215,3,4,40,62,179,386,427,411,222,119,7,3,772,639,475,382,229,46,26,37,176,305,629,754,0,0,0,1,5,44,50,44,7,2,0,0,0,0,4,6,20,30,31,31,25,16,1,1,31,10,2,2,1,0,0,0,1,0,11,17,0,0,46,73,115,154,153,132,76,43,0,0,0,0,33,56,75,135,75,116,34,14,0,0,54,52,49,46,47,48,51,48,50,52,54,59,-0.3,14.5,27.3,13.2,-11.4,-2.1,9.3,-1.5,-5.9,6.2,18.3,5.9,67,70,114,89,-9999,-9999,-9999,-9999,604,42,0,129,10,280,1224,348,2164,1087,109,1109,0,6,139,9,1,30,91,42,56,5,0,12,0,233,440,119,0,164,326,48,55,47,49,52
"Prairie","Prairie","AB-RO","Chad_Stratilo","6/21/2015",49.671944,-110.147222,721,4.7,18.6,-9.7,28.4,366,227,40,81.9,1037,1698,4949,117,162,142,250,108,84,-41.5,38.4,705,427,12.5,52,-1,0.8,10,13.9,19.3,27,27.3,27.4,20.6,16,3.2,-1.9,-12.1,-10.6,-4.5,-2.9,2,8.8,10.1,9.1,4.1,0.8,-8.6,-10.7,-6.5,-4.9,2.7,5.5,10.6,17.9,18.7,18.2,12.4,8.4,-2.7,-6.3,36,11,12,19,42,20,82,17,44,32,20,23,-9999,-9999,-9999,-9999,-9999,-9999,-9999,-9999,-9999,-9999,-9999,-9999,219,160,32,9,0,0,0,0,0,3,119,212,3,4,40,65,181,386,426,410,223,123,7,3,761,638,475,376,227,46,27,37,175,299,620,751,0,0,0,1,5,44,50,44,7,2,0,0,1,1,4,6,21,30,31,31,25,17,1,1,29,9,2,2,1,0,0,0,1,0,12,20,0,0,44,74,115,154,153,132,76,43,0,0,0,0,33,55,72,134,70,115,32,11,0,0,55,55,51,46,48,48,51,48,50,52,55,62,-0.5,14.4,27.2,13.3,-11,-1.8,9.3,-1.2,-5.7,6.3,18.3,6,68,73,119,96,-9999,-9999,-9999,-9999,591,41,0,122,10,286,1222,354,2150,1079,109,1094,0,6,138,9,2,31,91,43,55,5,0,14,0,233,439,119,0,160,319,43,57,48,49,53
"Alvar","GL Alvar","CAR-NBA","Jill_Hamilton","7/7/2015",44.68502,-79.05154,268,5.7,19.2,-9.1,28.2,911,398,17.2,48.2,904,1887,4611,149,167,139,273,134,258,-35.5,35.6,689,175,13.5,63,-4.4,-8.3,0.4,11.9,22.1,22.6,25.9,24.4,23.8,14.1,9.7,4.3,-16.9,-20.9,-10.9,-0.2,7.7,10.7,12.5,13.1,11.3,3.3,0.5,-2.3,-10.7,-14.6,-5.2,5.8,14.9,16.7,19.2,18.7,17.5,8.7,5.1,1,71,57,34,66,87,123,74,84,93,85,49,94,-9999,-9999,-9999,-9999,-9999,-9999,-9999,-9999,-9999,-9999,-9999,-9999,334,410,186,8,0,0,0,0,0,2,13,51,1,0,4,71,309,350,440,426,377,131,63,24,888,908,722,366,115,68,22,30,56,289,387,524,0,0,0,1,20,28,59,53,43,2,0,0,0,0,0,1,31,30,31,31,30,17,1,0,66,57,32,4,0,0,0,0,0,1,0,6,0,0,0,69,127,125,143,113,88,45,23,0,0,0,0,4,40,2,69,29,0,0,0,0,49,47,55,60,57,64,61,66,62,65,69,70,-4.2,11.5,24.3,15.9,-14.9,-1.1,12.1,5,-9.6,5.2,18.2,10.4,194,187,281,227,-9999,-9999,-9999,-9999,795,194,0,15,25,384,1216,570,2321,1202,119,733,0,22,140,46,0,32,92,47,161,36,0,2,0,196,381,156,0,44,100,0,55,57,64,65
"Alvar","GL Alvar","CAR-PSR","Jill_Hamilton","7/7/2015",44.64526,-79.09458,250,5.8,19.3,-8.8,28.1,899,393,17.6,49,875,1913,4558,156,169,138,273,135,249,-35.2,35.6,692,183,13.5,63,-4.4,-8.3,0.5,11.9,22.2,22.7,25.9,24.4,23.9,14.1,9.8,4.4,-16.7,-20.6,-10.6,-0.1,7.8,10.8,12.6,13.3,11.4,3.5,0.5,-2.1,-10.5,-14.4,-5.1,5.9,15,16.8,19.3,18.8,17.7,8.8,5.2,1.1,71,56,34,64,86,121,73,83,92,83,48,93,-9999,-9999,-9999,-9999,-9999,-9999,-9999,-9999,-9999,-9999,-9999,-9999,329,406,182,8,0,0,0,0,0,2,12,49,1,0,4,72,311,352,442,428,380,134,64,25,884,905,717,364,113,66,21,29,55,286,385,520,0,0,0,1,21,29,61,55,45,2,0,0,0,0,0,1,31,30,31,31,30,18,1,0,66,56,32,3,0,0,0,0,0,1,0,6,0,0,0,69,127,125,143,113,88,45,24,0,0,0,0,5,41,4,70,30,0,0,0,0,49,48,55,61,57,64,61,67,62,65,69,71,-4.1,11.5,24.3,16,-14.7,-1,12.2,5.1,-9.4,5.3,18.3,10.5,192,185,277,222,-9999,-9999,-9999,-9999,785,189,0,15,26,388,1223,578,2308,1193,116,726,0,22,144,47,0,32,92,48,157,35,0,1,0,196,381,156,0,46,104,0,56,58,64,65
"Alvar","GL Alvar","MAN-FOX","Jill_Hamilton","7/8/2015",45.89713,-82.57893,186,5,18.7,-9.7,28.4,831,364,18.1,51.4,969,1751,4811,120,173,140,276,136,241,-35.3,34.8,614,171,12.9,66,-5.6,-10.4,-1,7,17.3,19.7,23.6,22.4,20.4,11.3,8.2,3.8,-16.6,-21.2,-11,-1.3,6.3,9.4,13.1,13.4,11.3,3.9,0.1,-1.7,-11.1,-15.8,-6,2.8,11.8,14.6,18.4,17.9,15.8,7.6,4.1,1.1,50,30,30,72,77,61,52,70,53,91,89,136,-9999,-9999,-9999,-9999,-9999,-9999,-9999,-9999,-9999,-9999,-9999,-9999,347,444,207,23,0,0,0,0,0,4,17,50,1,0,3,32,212,287,414,401,326,104,49,24,901,943,746,455,200,115,31,42,88,325,416,522,0,0,0,0,7,11,43,39,25,1,0,0,0,0,0,0,31,30,31,31,30,21,0,0,47,30,29,23,1,0,0,0,0,2,2,9,0,0,0,49,99,108,122,97,69,34,20,0,0,0,0,0,22,47,71,27,17,0,0,0,53,53,59,71,65,68,68,72,72,75,72,75,-5.5,7.8,21.9,13.3,-14.8,-2,12,5.1,-10.1,2.9,16.9,9.2,152,179,183,233,-9999,-9999,-9999,-9999,841,230,0,21,25,247,1102,479,2367,1401,188,829,0,8,92,26,0,31,92,52,119,53,0,4,0,148,328,123,0,22,145,17,60,65,70,73
"Alvar","GL Alvar","MAN-KIP","Jill_Hamilton","7/8/2015",45.87036,-82.53938,183,5.1,18.8,-9.7,28.4,827,360,18.2,52.2,961,1763,4790,124,174,140,276,136,239,-35.2,34.8,615,177,12.9,66,-5.4,-10.1,-0.2,7.9,17.6,20.8,24.4,23.3,20.9,12.2,8.4,4.1,-16.8,-21.7,-10.9,-1.5,6.2,9.6,13.1,14,11,4.2,0.2,-1.8,-11.1,-15.9,-5.5,3.2,11.9,15.2,18.8,18.7,16,8.2,4.3,1.1,50,30,30,73,77,61,51,68,52,85,89,137,-9999,-9999,-9999,-9999,-9999,-9999,-9999,-9999,-9999,-9999,-9999,-9999,345,446,195,20,0,0,0,0,0,3,16,49,1,0,4,35,217,306,427,423,330,119,52,25,900,945,732,445,196,100,26,31,86,305,411,520,0,0,0,1,8,15,50,51,26,2,0,0,0,0,0,0,31,30,31,31,30,24,0,0,47,30,28,20,1,0,0,0,0,1,1,9,0,0,0,53,101,115,128,101,73,36,20,0,0,0,0,0,24,54,77,34,20,0,0,0,52,49,57,67,64,65,66,72,69,74,72,74,-5.2,8.4,22.9,13.8,-15,-2,12.2,5.2,-10.1,3.2,17.5,9.5,153,180,180,226,-9999,-9999,-9999,-9999,841,216,0,19,26,255,1157,500,2365,1373,157,801,0,8,117,28,0,31,92,55,118,49,0,3,0,154,345,128,0,24,165,20,58,63,68,72
"Alvar","GL Alvar","MAN-LCI","Jill_Hamilton","7/9/2015",45.99426,-81.89436,182,4.6,18.2,-10.3,28.4,835,369,17.5,49.1,1026,1674,4941,98,166,143,273,130,254,-36.4,34.5,618,168,12.8,64,-7.6,-13,-3.6,3.4,18.2,20.5,24.4,21.2,21.6,12.6,8.9,3,-17.4,-22.5,-11.3,-3.8,5.2,6.5,11.6,13.7,11.3,2.5,0.5,-2.4,-12.5,-17.7,-7.5,-0.2,11.7,13.5,18,17.4,16.5,7.5,4.7,0.3,52,35,29,64,71,64,53,66,60,85,79,135,-9999,-9999,-9999,-9999,-9999,-9999,-9999,-9999,-9999,-9999,-9999,-9999,390,497,244,61,0,0,0,0,0,4,15,61,0,0,2,13,210,255,404,386,345,103,57,20,944,996,791,547,202,139,36,50,76,325,400,546,0,0,0,0,7,7,37,32,30,1,0,0,0,0,0,0,30,30,31,31,30,9,1,0,50,35,29,52,1,0,0,0,0,2,1,14,0,0,0,0,107,122,134,88,75,39,20,0,0,0,0,0,36,58,81,21,14,0,0,0,58,57,67,72,59,57,62,77,68,67,71,74,-7.3,6,22,14.4,-15.7,-3.3,10.6,4.8,-11.5,1.3,16.3,9.6,159,165,183,224,-9999,-9999,-9999,-9999,948,305,0,18,20,225,1045,504,2487,1540,225,801,0,7,75,32,0,30,92,40,134,82,0,3,0,107,343,134,0,36,160,14,63,66,65,69
"Alvar","GL Alvar","MAN-MIS","Jill_Hamilton","7/8/2015",45.80825,-82.75912,193,5.2,18.8,-9.2,28,822,369,18.5,50.9,929,1758,4760,122,173,139,276,136,226,-34.8,34.6,613,164,12.9,66,-4.8,-9.1,0.8,8.8,17.8,20.6,24.8,23.5,21.5,13,9.2,5,-15.9,-20.6,-10.3,-1,6.6,9.8,13.1,14.1,11.9,4.6,0.5,-1.2,-10.3,-14.9,-4.7,3.9,12.2,15.2,18.9,18.8,16.7,8.8,4.8,1.9,47,29,29,66,75,60,50,66,51,82,82,129,-9999,-9999,-9999,-9999,-9999,-9999,-9999,-9999,-9999,-9999,-9999,-9999,323,418,173,16,0,0,0,0,0,2,14,41,1,0,5,43,227,307,431,429,351,134,59,30,878,916,706,422,190,99,25,29,72,286,396,498,0,0,0,1,8,15,53,55,33,2,0,0,0,0,0,0,31,30,31,31,30,26,1,0,43,29,26,12,1,0,0,0,0,1,1,5,0,0,0,56,102,113,131,102,73,38,21,0,0,0,0,0,26,53,81,36,22,0,0,0,54,51,56,66,65,67,65,72,70,72,71,73,-4.5,9.1,23,14.6,-14.2,-1.6,12.4,5.6,-9.3,3.8,17.7,10.1,144,170,177,215,-9999,-9999,-9999,-9999,782,188,0,16,32,275,1167,543,2292,1318,153,753,0,9,123,35,0,31,92,57,104,39,0,2,0,158,346,132,0,26,170,22,59,62,68,71
"Prairie","M Alvar","MB-CRN","Rebekah_Neufeld","7/2/2015",51.070942,-97.461336,231,0.2,17.4,-20.7,38.1,540,332,18.9,52.3,2182,1375,6515,60,125,156,250,94,163,-47,37.3,617,225,12.6,52,-10.7,-14.6,0.8,10.7,17,22.6,25.3,23.9,20.3,11.2,2,-4.3,-22.9,-28.7,-13.2,-5.1,0.2,7.2,10.4,8.6,5.7,-0.3,-6.6,-14.9,-16.8,-21.6,-6.2,2.8,8.6,14.9,17.9,16.3,13,5.5,-2.3,-9.6,22,30,18,12,69,61,78,113,41,64,50,44,-9999,-9999,-9999,-9999,-9999,-9999,-9999,-9999,-9999,-9999,-9999,-9999,523,606,212,23,1,0,0,0,0,8,109,295,0,0,3,32,122,296,399,350,242,63,8,1,1078,1106,752,456,292,107,38,74,159,390,608,851,0,0,0,0,3,13,34,19,9,1,0,0,0,0,0,1,5,30,31,31,29,4,1,0,22,30,17,4,3,0,0,0,0,6,30,44,0,0,0,61,103,128,136,112,70,31,0,0,0,0,0,49,34,66,58,0,29,0,0,0,47,39,46,47,49,54,56,55,55,62,66,53,-10.5,9.5,23.9,11.2,-23,-6,8.8,-0.4,-16.7,1.7,16.3,5.4,64,99,253,155,-9999,-9999,-9999,-9999,1425,236,0,118,1,157,1046,312,3034,1499,219,1157,0,3,66,10,0,5,92,34,64,24,1,36,0,164,376,102,0,83,124,29,46,47,55,61
"Prairie","M Alvar","MB-MR","Rebekah_Neufeld","7/2/2015",51.184289,-97.626839,231,0.2,17.6,-20.9,38.4,521,321,19.6,54.7,2183,1388,6506,65,129,155,251,97,156,-46.5,37.4,609,228,12.5,53,-11,-14.7,0.5,10.3,16.7,22.4,25.3,24,20.2,11.4,2,-4.4,-22.9,-28.6,-13.2,-4.9,0.3,7.6,10.8,9,5.8,0,-6.3,-14.4,-17,-21.6,-6.4,2.7,8.5,15,18,16.5,13,5.7,-2.1,-9.4,21,29,17,13,63,59,76,110,41,60,48,44,-9999,-9999,-9999,-9999,-9999,-9999,-9999,-9999,-9999,-9999,-9999,-9999,527,606,217,24,1,0,0,0,0,7,106,292,0,0,3,30,120,299,404,357,242,67,8,1,1082,1106,758,460,295,105,36,69,158,383,604,846,0,0,0,0,2,13,37,21,9,1,0,0,0,0,0,1,5,30,31,31,29,4,1,0,21,29,17,5,3,0,0,0,0,5,27,43,0,0,0,60,101,126,135,111,70,31,0,0,0,0,0,47,38,67,59,2,29,0,0,0,48,40,46,49,50,56,57,56,56,63,67,54,-10.6,9.1,23.9,11.2,-22.8,-5.9,9.1,-0.1,-16.7,1.6,16.5,5.5,61,93,245,149,-9999,-9999,-9999,-9999,1425,242,0,113,1,153,1060,317,3034,1512,210,1144,0,3,71,10,0,6,92,34,61,24,0,33,0,161,372,101,0,85,128,29,47,48,56,62
"Alvar","GL Alvar","MI-DRI","Jill_Hamilton","7/10/2015",46.08578,-83.69201,188,4.9,18.9,-9.6,28.5,781,384,19.1,49.2,979,1737,4846,122,168,142,274,132,203,-35.4,34.9,621,161,NA,65,-5.3,-9.6,0.9,8.4,17.7,20.9,25.3,23.7,21.7,12.6,9,4.3,-16.3,-21.3,-10.8,-1.4,6.2,9.5,13.3,14.3,12,4.3,0.5,-1.9,-10.8,-15.4,-4.9,3.5,12,15.2,19.3,19,16.9,8.4,4.8,1.2,38,25,29,61,79,63,60,66,54,77,77,109,-9999,-9999,-9999,-9999,-9999,-9999,-9999,-9999,-9999,-9999,-9999,-9999,337,434,178,18,0,0,0,0,0,3,14,49,1,0,5,39,217,306,444,435,356,124,58,25,891,933,712,434,195,99,21,27,68,298,397,518,0,0,0,1,8,15,62,59,35,2,0,0,0,0,0,0,31,30,31,31,30,25,1,0,36,25,26,14,1,0,0,0,0,1,1,7,0,0,0,55,102,116,134,102,73,37,20,0,0,0,0,0,22,53,74,36,19,0,0,0,54,49,54,66,64,65,64,72,70,73,71,72,-4.9,9,23.3,14.4,-14.8,-2,12.4,5.6,-9.9,3.5,17.9,10,123,169,190,208,-9999,-9999,-9999,-9999,820,196,0,17,26,261,1185,538,2342,1342,146,763,0,8,136,37,0,31,92,55,94,41,0,2,0,157,353,130,0,22,163,19,58,61,67,71
"Prairie","Prairie","MN-PMG","Prairie_Moon_Nursery",NA,47.7742,-96.6081,267,4,21,-15.8,36.8,512,352,27.4,59.7,1557,1996,5304,237,159,137,267,130,79,-41.8,40.1,699,267,12.4,57,-6.3,-10.9,4.5,14.3,18.8,25.5,28.3,26.9,24.9,15.7,6.8,-1.5,-16.8,-23.2,-8.4,-0.7,4.4,11.5,14.7,12.2,10.2,2.6,-3.3,-9.4,-11.6,-17,-1.9,6.8,11.6,18.5,21.5,19.6,17.6,9.2,1.8,-5.5,12,12,9,24,143,77,104,71,34,38,41,22,-9999,-9999,-9999,-9999,-9999,-9999,-9999,-9999,-9999,-9999,-9999,-9999,361,479,103,6,0,0,0,0,0,2,37,188,1,0,11,90,208,404,512,451,377,143,26,4,915,977,620,336,204,37,7,21,56,275,487,724,0,0,0,2,7,54,115,70,43,2,0,0,0,0,0,2,28,30,31,31,30,12,1,0,11,12,5,1,2,0,0,0,0,0,4,18,0,0,0,76,110,139,149,126,88,45,17,0,0,0,0,52,0,63,44,56,54,7,0,0,55,47,52,52,56,59,61,57,57,58,64,65,-6.7,12.5,26.9,15.8,-17,-1.5,12.8,3.2,-11.9,5.5,19.9,9.5,31,176,252,113,-9999,-9999,-9999,-9999,1027,108,0,39,5,309,1367,546,2617,1161,66,818,0,9,240,46,0,30,92,43,30,8,0,5,0,187,414,150,0,52,163,61,56,53,59,60
"Alvar","GL Alvar","NAP-ASS","Jill_Hamilton","7/6/2015",44.26533,-76.71188,126,6.9,20.7,-7.8,28.5,872,366,19.4,56.5,743,2132,4236,237,182,132,279,147,202,-33.6,36.6,685,199,12.6,66,-3.9,-8,0.6,11.6,22.4,22.5,26,25.6,23.9,13.8,10.5,5.6,-15.5,-19,-9.2,1,9.4,12.1,15.1,15,12.9,4.2,1.9,-1.3,-9.7,-13.5,-4.3,6.3,15.9,17.3,20.6,20.3,18.4,9,6.2,2.2,60,59,36,74,71,147,72,85,115,81,41,95,-9999,-9999,-9999,-9999,-9999,-9999,-9999,-9999,-9999,-9999,-9999,-9999,304,380,161,7,0,0,0,0,0,2,9,38,1,0,5,79,340,368,482,473,402,140,82,33,858,878,693,352,90,56,12,15,44,279,354,488,0,0,0,1,28,36,92,86,56,2,1,0,0,0,0,2,31,30,31,31,30,24,3,0,54,59,31,3,0,0,0,0,0,1,0,3,0,0,0,67,125,120,134,115,85,43,24,0,0,0,0,0,54,0,62,30,0,0,0,0,52,53,60,65,60,68,67,68,67,69,71,72,-3.5,11.6,24.7,16.1,-13.3,0.4,14,6.3,-8.4,6,19.4,11.2,202,181,304,237,-9999,-9999,-9999,-9999,722,168,0,11,34,424,1323,623,2224,1135,83,677,0,29,214,59,0,33,92,57,142,34,0,1,0,192,369,153,0,54,92,0,59,62,68,69
"Alvar","GL Alvar","NAP-CE","Jill_Hamilton","7/6/2015",44.33003,-76.78968,166,6.7,20.5,-8.2,28.6,870,366,19.2,55.9,773,2090,4307,223,180,133,278,145,211,-34,36.5,681,197,12.6,66,-3.7,-7.8,0.8,11.8,22.5,22.6,26.1,25.6,24.1,14,10.6,5.6,-15.4,-18.9,-9.2,1.1,9.5,12.1,15.1,15.1,12.9,4.2,1.9,-1.1,-9.6,-13.3,-4.2,6.4,16,17.4,20.6,20.3,18.5,9.1,6.3,2.2,59,59,36,73,72,146,70,84,114,81,40,94,-9999,-9999,-9999,-9999,-9999,-9999,-9999,-9999,-9999,-9999,-9999,-9999,299,376,159,6,0,0,0,0,0,2,8,38,1,0,6,82,342,370,483,475,405,142,83,34,854,874,691,349,88,55,11,15,43,276,352,486,0,0,0,1,29,36,93,89,58,2,1,0,0,0,0,3,31,30,31,31,30,24,3,0,53,59,31,3,0,0,0,0,0,1,0,3,0,0,0,67,125,120,135,115,86,44,24,0,0,0,0,0,53,0,64,31,0,0,0,0,52,52,60,65,61,68,67,68,66,68,71,72,-3.3,11.7,24.8,16.2,-13.3,0.4,14.1,6.4,-8.3,6.1,19.4,11.3,200,181,301,235,-9999,-9999,-9999,-9999,713,165,0,10,35,429,1329,630,2213,1127,81,671,0,30,218,61,1,34,92,58,139,34,0,1,0,192,370,154,0,53,95,0,59,62,68,68
"Alvar","GL Alvar","NAP-SCH","Jill_Hamilton","7/6/2015",44.34399,-76.89338,154,6.7,20.5,-8.2,28.7,869,366,19.2,56,780,2088,4319,223,179,133,278,145,213,-34,36.5,680,196,12.5,66,-4,-8,0.5,11.6,22.3,22.5,26,25.4,23.8,13.7,10.4,5.3,-15.7,-19.2,-9.4,0.9,9.3,12,14.9,14.9,12.8,4,1.7,-1.3,-9.9,-13.6,-4.5,6.2,15.8,17.3,20.5,20.1,18.3,8.9,6.1,2,59,59,36,73,73,147,72,85,113,81,40,93,-9999,-9999,-9999,-9999,-9999,-9999,-9999,-9999,-9999,-9999,-9999,-9999,309,382,166,7,0,0,0,0,0,2,9,40,1,0,5,78,337,367,479,469,399,136,79,31,863,880,699,354,92,56,12,16,45,283,359,494,0,0,0,1,27,35,89,84,54,2,1,0,0,0,0,2,31,30,31,31,30,23,3,0,54,59,32,3,0,0,0,0,0,1,0,3,0,0,0,67,125,120,135,114,85,43,24,0,0,0,0,0,51,0,63,30,0,0,0,0,52,52,60,65,61,68,67,69,67,68,71,72,-3.6,11.5,24.6,16,-13.6,0.2,13.9,6.2,-8.6,5.9,19.3,11.1,198,183,303,233,-9999,-9999,-9999,-9999,731,173,0,11,33,420,1316,614,2237,1145,85,688,0,29,208,57,0,33,92,55,143,35,0,1,0,191,369,152,0,51,93,0,58,62,68,69
"Prairie","Prairie","ND-BSP","Tyler_Steve","6/12/2015",46.85845,-96.47169,274,4.9,21.7,-14.4,36.1,546,369,27.3,58.8,1379,2123,5032,289,161,135,268,133,76,-40.9,40.8,725,266,12.6,57,-4.9,-9,6.6,15.6,19.4,26.2,29.2,27.9,25.7,16.8,8,-1.2,-14.9,-20.7,-7.1,-0.1,5.2,12.3,15.5,13.4,11.2,3.1,-2.7,-8.4,-9.9,-14.8,-0.2,7.8,12.3,19.3,22.3,20.6,18.5,10,2.7,-4.8,11,11,9,26,161,89,110,65,43,43,40,22,-9999,-9999,-9999,-9999,-9999,-9999,-9999,-9999,-9999,-9999,-9999,-9999,310,417,69,4,0,0,0,0,0,1,28,169,1,0,18,111,232,427,536,484,404,164,34,5,865,915,568,307,185,28,5,13,43,250,460,703,0,0,0,2,9,68,135,95,57,3,0,0,0,0,0,3,30,30,31,31,30,16,1,0,10,11,3,0,1,0,0,0,0,0,3,17,0,0,0,82,114,143,153,131,92,49,20,0,0,0,0,57,0,53,44,66,49,6,0,0,58,50,51,51,56,59,61,58,57,57,63,68,-5.5,13.9,27.7,16.8,-15.2,-0.7,13.7,3.9,-10.3,6.6,20.7,10.4,31,195,264,125,-9999,-9999,-9999,-9999,897,73,0,29,6,360,1447,601,2483,1060,46,753,0,11,299,60,1,33,92,47,29,4,0,3,0,196,427,160,0,57,163,55,59,53,59,59
"Prairie","Prairie","SD-MUD","Tyler_Stadel","6/26/2015",44.76309,-96.58792,531,6.1,22,-11.7,33.7,625,396,25.8,55.6,1082,2253,4609,321,167,132,272,140,87,-38.7,40.1,753,249,13.5,58,-2.5,-6,8.8,17.6,21.3,27.2,29.7,27.5,26.7,19.6,9.8,1.1,-12.3,-18.1,-6.6,2.2,7.6,14.7,16.4,14.3,12.9,5.2,-1.1,-6.7,-7.4,-12.1,1.1,9.9,14.4,21,23,20.9,19.8,12.4,4.4,-2.8,13,5,9,29,139,109,134,107,67,50,60,34,-9999,-9999,-9999,-9999,-9999,-9999,-9999,-9999,-9999,-9999,-9999,-9999,241,340,49,2,0,0,0,0,0,1,16,118,2,1,26,161,296,479,558,493,444,231,52,8,788,838,526,245,126,14,4,11,29,183,409,641,0,0,0,4,18,101,158,102,82,8,0,0,1,0,0,10,31,30,31,31,30,29,2,0,10,5,1,0,0,0,0,0,0,0,2,16,0,0,49,91,122,144,157,130,97,59,24,0,0,0,40,62,0,35,23,22,31,8,0,0,59,49,47,52,59,63,62,62,60,56,63,69,-3,15.9,28.2,18.7,-12.8,1.1,15.1,5.7,-7.9,8.5,21.6,12.2,36,178,351,178,-9999,-9999,-9999,-9999,699,51,0,17,11,482,1530,727,2266,897,29,621,0,22,360,91,1,41,92,60,27,2,0,2,0,262,431,180,0,102,80,39,59,53,62,60
"Prairie","Prairie","SD-PMG","Prairie_Moon_Nursery",NA,45.2186,-96.6336,351,6.4,22.6,-11.8,34.4,546,350,29.9,64.5,1090,2334,4570,360,168,131,272,141,66,-38.8,41,791,319,13.3,57,-3.1,-6.4,8.6,16.5,19.7,26.4,29.1,27.4,26,18.2,9.6,0.6,-12.4,-18.5,-6.9,1.5,7.1,14.3,16.2,14,12.6,4.7,-1.6,-7.2,-7.7,-12.5,0.9,9,13.4,20.3,22.7,20.7,19.3,11.4,4,-3.3,9,10,10,31,112,97,120,97,49,41,44,19,-9999,-9999,-9999,-9999,-9999,-9999,-9999,-9999,-9999,-9999,-9999,-9999,249,352,52,2,0,0,0,0,0,1,18,131,2,0,24,140,265,459,547,487,429,203,48,7,798,850,533,271,155,19,4,12,34,207,420,657,0,0,0,3,13,89,146,97,72,5,0,0,1,0,0,7,31,30,31,31,30,27,2,0,8,10,2,0,1,0,0,0,0,0,1,11,0,0,48,87,113,139,152,129,94,54,24,0,0,0,38,56,1,42,33,32,45,13,0,0,61,49,47,53,61,64,63,61,61,58,62,68,-3.4,15,27.6,17.9,-13.1,0.6,14.9,5.2,-8.2,7.8,21.2,11.6,28,152,314,134,-9999,-9999,-9999,-9999,732,55,0,19,10,429,1493,680,2305,958,35,661,0,16,332,78,1,38,92,58,24,2,0,2,0,247,420,172,0,95,107,58,59,54,63,60
"Prairie","Prairie","WA-BLK","USDA",NA,46.685513,-116.971868,786,7.9,18.6,-2.8,21.3,696,203,25.8,91.3,326,1863,3781,126,219,132,276,144,115,-28.5,38.5,815,430,13.9,61,3.1,9.9,15.7,15.8,22.2,27.8,31,29.9,23.4,20.9,9.3,5.2,-2.1,1.8,3.7,2.9,7.6,11.5,11.7,10.7,7.6,7.2,0.6,0.4,0.5,5.8,9.7,9.4,14.9,19.6,21.4,20.3,15.5,14.1,4.9,2.8,34,40,61,24,45,26,10,5,31,47,38,64,-9999,-9999,-9999,-9999,-9999,-9999,-9999,-9999,-9999,-9999,-9999,-9999,61,14,4,2,0,0,0,0,0,0,13,33,8,50,150,136,310,438,508,475,316,282,44,20,544,337,260,260,114,24,8,15,96,137,392,469,0,1,4,4,21,75,112,88,22,15,0,0,10,18,25,23,30,30,31,31,29,30,16,16,7,1,0,0,0,0,0,0,0,0,3,5,12,26,59,79,125,157,178,150,89,56,20,11,0,0,0,55,80,131,168,145,57,9,0,0,80,73,62,59,56,53,47,47,53,58,71,84,6.3,17.9,29.6,17.9,0.3,4.7,11.3,5.1,3.3,11.3,20.4,11.5,134,130,41,116,-9999,-9999,-9999,-9999,108,6,0,14,78,595,1421,642,1350,634,47,626,1,28,276,37,44,78,92,75,11,1,0,3,49,264,485,165,0,135,444,66,79,59,49,61
"Alvar","GL Alvar","WNY-CB","Jill_Hamilton","7/5/2015",44.097639,-76.082861,93,7.1,20.5,-7.7,28.2,892,385,19.1,53.3,717,2144,4180,231,177,135,277,142,187,-34.1,37,721,208,12.2,62,-2.7,-7,2.1,13,23.3,23,26.6,26.5,25,15,11.9,6.9,-15.3,-18.9,-8.6,1.2,9.5,11.8,14.9,14.8,12.6,3.9,1.9,-1.2,-9,-12.9,-3.3,7.1,16.4,17.4,20.8,20.7,18.8,9.5,6.9,2.8,63,54,34,72,68,155,68,91,126,84,44,100,-9999,-9999,-9999,-9999,-9999,-9999,-9999,-9999,-9999,-9999,-9999,-9999,282,365,134,5,0,0,0,0,0,2,7,33,1,0,7,95,355,372,488,485,413,151,95,39,837,863,661,328,79,54,11,13,39,265,334,468,0,0,0,2,33,37,97,96,62,3,1,0,0,0,0,3,31,30,31,31,30,22,3,0,55,54,26,2,0,0,0,0,0,1,0,2,0,0,0,73,130,125,140,123,91,48,27,0,0,0,0,1,63,0,73,32,0,0,0,0,49,50,58,61,59,66,65,65,63,64,67,69,-2.4,12.8,25.4,17.3,-13.2,0.7,13.8,6.1,-7.8,6.7,19.6,11.7,206,174,314,254,-9999,-9999,-9999,-9999,679,139,0,9,41,457,1345,659,2168,1068,77,639,0,34,230,66,1,34,92,55,131,28,0,1,0,203,388,166,0,64,105,0,56,59,66,65
